关键字,出现次数,发现的变体,热门网址
专栏,5116,专栏,[http://www.html-js.com/article?filter=type%7C6:http://www.html-js.com/article:http://www.html-js.com/?page=11:http://www.html-js.com/article/?page=4:http://www.html-js.com/article/?page=2:http://www.html-js.com/?m=201105:http://www.html-js.com/article?page=...:http://www.html-js.com/?cat=5:http://www.html-js.com/?category_name=%E5%BE%AE%E5%8D%9A%E5%BA%94%E7%94%A8%E5%88%B6%E4%BD%9C:http://www.html-js.com/?tag=chrome]
前端,5047,前端,[http://www.html-js.com/tag/n/%E5%89%8D%E7%AB%AF%E5%BC%80%E5%8F%91:http://www.html-js.com/cards:http://www.html-js.com/cards?page=1:http://www.html-js.com/read/1385:http://www.html-js.com/topic/63:http://www.html-js.com/article/1216:http://www.html-js.com/article/1243:http://www.html-js.com/qa/34:http://www.html-js.com/article/1441:http://www.html-js.com/article/1247]
评论,4746,评论,[http://www.html-js.com/qa/65:http://www.html-js.com/read:http://www.html-js.com/read?page=1:http://www.html-js.com/read?page=2:http://www.html-js.com/read?page=3:http://www.html-js.com/read?page=4:http://www.html-js.com/read?page=5:http://www.html-js.com/qa/75:http://www.html-js.com/article?page=2:http://www.html-js.com/qa/108]
中,4357,中,[http://www.html-js.com/read/1444:http://www.html-js.com/read/1436:http://www.html-js.com/article/1309:http://www.html-js.com/read/1309:http://www.html-js.com/read/1323:http://www.html-js.com/read/1375:http://www.html-js.com/article/1589:http://www.html-js.com/read/1398:http://www.html-js.com/article/1592:http://www.html-js.com/article/1596]
javascript,3902,"javascript, javascript's",[http://www.html-js.com/read/1379:http://www.html-js.com/article/1589:http://www.html-js.com/read/1396:http://www.html-js.com/article?filter=type%7C6:http://www.html-js.com/article?page=...:http://www.html-js.com/article/?page=2:http://www.html-js.com/article/1595:http://www.html-js.com/article/1103:http://www.html-js.com/article/column/14:http://www.html-js.com/article/1600]
浏览,3629,浏览,[http://www.html-js.com/?m=201208:http://www.html-js.com/?tag=%E7%9B%97%E7%89%88:http://www.html-js.com/?tag=android:http://www.html-js.com/?tag=ide:http://www.html-js.com/?tag=oauth:http://www.html-js.com/?tag=yui:http://www.html-js.com/?cat=7:http://www.html-js.com/?feed=rss2&cat=1:http://www.html-js.com/?m=201104:http://www.html-js.com/?tag=canvas]
博客,3483,博客,[http://www.html-js.com/read/1330:http://www.html-js.com/article/1536:http://www.html-js.com/article/?page=5:http://www.html-js.com/article/column/20:http://www.html-js.com/topic/6:http://www.html-js.com/article/1573:http://www.html-js.com/read:http://www.html-js.com/read?page=1:http://www.html-js.com/read?page=5:http://www.html-js.com/read?page=4]
天,3471,天,[http://www.html-js.com/?category_name=%E5%BE%AE%E5%8D%9A%E5%BA%94%E7%94%A8%E5%88%B6%E4%BD%9C:http://www.html-js.com/?tag=%E5%B1%82%E9%98%B4%E5%BD%B1:http://www.html-js.com/?cat=206:http://www.html-js.com/?tag=bezier:http://www.html-js.com/?tag=input:http://www.html-js.com/:http://www.html-js.com/?tag=chrome:http://www.html-js.com/?cat=5:http://www.html-js.com/?m=201208:http://www.html-js.com/?tag=%E5%BC%80%E5%8F%91%E5%B7%A5%E5%85%B7]
炖,3069,炖,[http://www.html-js.com/article/1484:http://www.html-js.com/article/1410:http://www.html-js.com/article/1470:http://www.html-js.com/article/1440:http://www.html-js.com/article/1427:http://www.html-js.com/article/column/3?page=1:http://www.html-js.com/?tag=mp3info:http://www.html-js.com/article/column/3:http://www.html-js.com/article?page=2:http://www.html-js.com/user/34]
会,2905,会,[http://www.html-js.com/topic/86:http://www.html-js.com/article/1309:http://www.html-js.com/read/1309:http://www.html-js.com/read/1444:http://www.html-js.com/read/1407:http://www.html-js.com/article/?page=40:http://www.html-js.com/read/1436:http://www.html-js.com/read/1414:http://www.html-js.com/read/1398:http://www.html-js.com/article/?page=38]
使用,2868,使用,[http://www.html-js.com/read/1436:http://www.html-js.com/article/1103:http://www.html-js.com/article/1596:http://www.html-js.com/read/1444:http://www.html-js.com/article/1589:http://www.html-js.com/read/1331:http://www.html-js.com/read/1414:http://www.html-js.com/article/1561:http://www.html-js.com/topic/86:http://www.html-js.com/read/1309]
芋头,2419,芋头,[http://www.html-js.com/article/?page=12:http://www.html-js.com/topic/6:http://www.html-js.com/article/?page=3:http://www.html-js.com/book:http://www.html-js.com/article/old?page=10:http://www.html-js.com/article/old?page=3:http://www.html-js.com/article/old?page=4:http://www.html-js.com/article/old?page=5:http://www.html-js.com/article/old?page=6:http://www.html-js.com/article/old?page=7]
来,2284,来,[http://www.html-js.com/read/1444:http://www.html-js.com/read/1436:http://www.html-js.com/article/?page=38:http://www.html-js.com/read/1398:http://www.html-js.com/read/1414:http://www.html-js.com/article/1309:http://www.html-js.com/read/1309:http://www.html-js.com/read/1350:http://www.html-js.com/article/?page=43:http://www.html-js.com/article/?page=36]
开发,2189,开发,[http://www.html-js.com/article/1247:http://www.html-js.com/read/1432:http://www.html-js.com/tag/n/%E5%89%8D%E7%AB%AF%E5%BC%80%E5%8F%91:http://www.html-js.com/article/1306:http://www.html-js.com/read/1306:http://www.html-js.com/read/1398:http://www.html-js.com/read/1436:http://www.html-js.com/read/1350:http://www.html-js.com/read/1341:http://www.html-js.com/read/1463]
function,2169,"function, functions",[http://www.html-js.com/article/1309:http://www.html-js.com/read/1309:http://www.html-js.com/article/?page=32:http://www.html-js.com/article/1124:http://www.html-js.com/article/1180:http://www.html-js.com/article/1211:http://www.html-js.com/article/1274:http://www.html-js.com/read/1274:http://www.html-js.com/read/1356:http://www.html-js.com/article/1564]
名片,2132,名片,[http://www.html-js.com/?cat=9:http://www.html-js.com/?page=9:http://www.html-js.com/?page=19:http://www.html-js.com/?page=17:http://www.html-js.com/?page=31:http://www.html-js.com/?page=20:http://www.html-js.com/?page=29:http://www.html-js.com/?page=32:http://www.html-js.com/?p=132:http://www.html-js.com/?p=1525]
文章,2000,文章,[http://www.html-js.com/article/1498:http://www.html-js.com/article/1440:http://www.html-js.com/article/1243:http://www.html-js.com/article/1410:http://www.html-js.com/article/1470:http://www.html-js.com/article/1357:http://www.html-js.com/article/1427:http://www.html-js.com/article/1484:http://www.html-js.com/article?page=...:http://www.html-js.com/article/?page=43]
碎,1910,碎,[http://www.html-js.com/article/?page=34:http://www.html-js.com/article/1210:http://www.html-js.com/user/552:http://www.html-js.com/article/old?page=4:http://www.html-js.com/card/614:http://www.html-js.com/user/805:http://www.html-js.com/user/938:http://www.html-js.com/user/94:http://www.html-js.com/user/941:http://www.html-js.com/user/942]
函数,1882,函数,[http://www.html-js.com/article/1309:http://www.html-js.com/read/1309:http://www.html-js.com/article/1592:http://www.html-js.com/article/1593:http://www.html-js.com/article/1596:http://www.html-js.com/read/1375:http://www.html-js.com/read/1426:http://www.html-js.com/article/1577:http://www.html-js.com/article/1582:http://www.html-js.com/article/1589]
赞助,1879,赞助,[http://www.html-js.com/ad:http://www.html-js.com/topic/49:http://www.html-js.com/?cat=4:http://www.html-js.com/?tag=google:http://www.html-js.com/?tag=mp3%EF%BC%8Cid3lib:http://www.html-js.com/?tag=pngout:http://www.html-js.com/?tag=ued:http://www.html-js.com/topic/105:http://www.html-js.com/act/3:http://www.html-js.com/article/1493]
商,1853,商,[http://www.html-js.com/read/1454:http://www.html-js.com/qa/70:http://www.html-js.com/article/1317:http://www.html-js.com/card/143:http://www.html-js.com/qa/115:http://www.html-js.com/qa/71:http://www.html-js.com/user/938:http://www.html-js.com/user/94:http://www.html-js.com/user/941:http://www.html-js.com/user/942]
nodejs,1813,nodejs,[http://www.html-js.com/article/?page=32:http://www.html-js.com/read/1394:http://www.html-js.com/topic/13:http://www.html-js.com/qa/61:http://www.html-js.com/article:http://www.html-js.com/article/1603:http://www.html-js.com/article/1612:http://www.html-js.com/tag/4:http://www.html-js.com/qa/36:http://www.html-js.com/read/1318]
var,1654,"var, vary, varying",[http://www.html-js.com/article/?page=32:http://www.html-js.com/article/1589:http://www.html-js.com/article/1309:http://www.html-js.com/read/1309:http://www.html-js.com/article/1199:http://www.html-js.com/article/1202:http://www.html-js.com/topic/32:http://www.html-js.com/article/1131:http://www.html-js.com/article/?page=36:http://www.html-js.com/article/1176]
话题,1607,话题,[http://www.html-js.com/?tag=mp3info:http://www.html-js.com/?cat=1:http://www.html-js.com/?m=201208:http://www.html-js.com/?tag=%E5%B1%82%E9%98%B4%E5%BD%B1:http://www.html-js.com/?tag=yui:http://www.html-js.com/?m=201104:http://www.html-js.com/?tag=%E7%9B%97%E7%89%88:http://www.html-js.com/?tag=android:http://www.html-js.com/?tag=canvas:http://www.html-js.com/?tag=ide]
器,1530,器,[http://www.html-js.com/read/1331:http://www.html-js.com/read/1444:http://www.html-js.com/article/1103:http://www.html-js.com/article/1307:http://www.html-js.com/read/1307:http://www.html-js.com/read/1326:http://www.html-js.com/read/1432:http://www.html-js.com/read/1338:http://www.html-js.com/read/1339:http://www.html-js.com/article/1108]
看,1526,看,[http://www.html-js.com/read/1309:http://www.html-js.com/article/1309:http://www.html-js.com/article/?page=40:http://www.html-js.com/read/1274:http://www.html-js.com/article/1151:http://www.html-js.com/article/1274:http://www.html-js.com/article/?page=36:http://www.html-js.com/read/1414:http://www.html-js.com/article/1158:http://www.html-js.com/read/1423]
号,1483,号,[http://www.html-js.com/article/1520:http://www.html-js.com/read/1407:http://www.html-js.com/read/1367:http://www.html-js.com/qa/187:http://www.html-js.com/read/1408:http://www.html-js.com/article/1511:http://www.html-js.com/article/1519:http://www.html-js.com/read/1391:http://www.html-js.com/topic/42:http://www.html-js.com/topic/7]
作者,1348,作者,[http://www.html-js.com/article/column:http://www.html-js.com/article/column?page=1:http://www.html-js.com/book:http://www.html-js.com/article/?page=12:http://www.html-js.com/article?page=2:http://www.html-js.com/article?filter=type%7C6:http://www.html-js.com/article:http://www.html-js.com/article/?page=15:http://www.html-js.com/article?page=10:http://www.html-js.com/article/?page=3]
好,1250,好,[http://www.html-js.com/qa/34:http://www.html-js.com/read/1423:http://www.html-js.com/article/1274:http://www.html-js.com/read/1274:http://www.html-js.com/article/1605:http://www.html-js.com/topic/86:http://www.html-js.com/qa/35:http://www.html-js.com/article/1456:http://www.html-js.com/article/1478:http://www.html-js.com/read/1429]
添加,1248,添加,[http://www.html-js.com/article/1526:http://www.html-js.com/?page=9:http://www.html-js.com/?page=19:http://www.html-js.com/?page=17:http://www.html-js.com/?page=31:http://www.html-js.com/?page=20:http://www.html-js.com/?page=29:http://www.html-js.com/?page=32:http://www.html-js.com/?p=1525:http://www.html-js.com/?p=23]
站,1233,站,[http://www.html-js.com/topic/6:http://www.html-js.com/article/1498:http://www.html-js.com/article/1357:http://www.html-js.com/article/1184:http://www.html-js.com/article/1353:http://www.html-js.com/article/1552:http://www.html-js.com/topic/49:http://www.html-js.com/article/1271:http://www.html-js.com/article/1310:http://www.html-js.com/article/1313]
node,1208,"node, nodes",[http://www.html-js.com/article/1530:http://www.html-js.com/read/1319:http://www.html-js.com/tag/4:http://www.html-js.com/article/1583:http://www.html-js.com/article/1605:http://www.html-js.com/read/1393:http://www.html-js.com/article/1266:http://www.html-js.com/topic/67:http://www.html-js.com/topic/85:http://www.html-js.com/article/1507]
元素,1196,元素,[http://www.html-js.com/read/1331:http://www.html-js.com/read/1414:http://www.html-js.com/article/1307:http://www.html-js.com/read/1307:http://www.html-js.com/read/1433:http://www.html-js.com/article/1526:http://www.html-js.com/qa/183:http://www.html-js.com/read/1444:http://www.html-js.com/read/1283:http://www.html-js.com/read/1326]
张小俊,1151,张小俊,[http://www.html-js.com/article?filter=type%7C6:http://www.html-js.com/user/526:http://www.html-js.com/article:http://www.html-js.com/?tag=%E5%B1%82%E9%98%B4%E5%BD%B1:http://www.html-js.com/?tag=%E5%BC%80%E5%8F%91%E5%B7%A5%E5%85%B7:http://www.html-js.com/?cat=5:http://www.html-js.com/?category_name=%E5%BE%AE%E5%8D%9A%E5%BA%94%E7%94%A8%E5%88%B6%E4%BD%9C:http://www.html-js.com/?m=201208:http://www.html-js.com/?tag=chrome:http://www.html-js.com/?tag=yui]
名册,1116,名册,[http://www.html-js.com/article/1249:http://www.html-js.com/topic/70:http://www.html-js.com/user/938:http://www.html-js.com/user/94:http://www.html-js.com/user/941:http://www.html-js.com/user/942:http://www.html-js.com/user/952:http://www.html-js.com/user/957:http://www.html-js.com/user/959:http://www.html-js.com/user/961]
this,1115,this,[http://www.html-js.com/article/1211:http://www.html-js.com/article/1087:http://www.html-js.com/article/?page=34:http://www.html-js.com/article/1124:http://www.html-js.com/article/1274:http://www.html-js.com/read/1274:http://www.html-js.com/article/1104:http://www.html-js.com/article/1176:http://www.html-js.com/topic/32:http://www.html-js.com/article/1593]
发布,1107,发布,[http://www.html-js.com/book:http://www.html-js.com/?m=201105:http://www.html-js.com/?m=201208:http://www.html-js.com/?tag=%E7%9B%97%E7%89%88:http://www.html-js.com/?tag=android:http://www.html-js.com/?tag=ide:http://www.html-js.com/?tag=oauth:http://www.html-js.com/?tag=yui:http://www.html-js.com/?m=201104:http://www.html-js.com/?tag=canvas]
justjavac,1031,justjavac,[http://www.html-js.com/read/1356:http://www.html-js.com/article/column/14:http://www.html-js.com/article/?page=2:http://www.html-js.com/?m=201207:http://www.html-js.com/topic/6:http://www.html-js.com/article/column/14?page=1:http://www.html-js.com/article/1568:http://www.html-js.com/article/?page=4:http://www.html-js.com/article/column/26:http://www.html-js.com/?tag=ie]
花,1017,花,[http://www.html-js.com/read/1458:http://www.html-js.com/article/1249:http://www.html-js.com/user/413:http://www.html-js.com/topic/70:http://www.html-js.com/user/874:http://www.html-js.com/user/938:http://www.html-js.com/user/94:http://www.html-js.com/user/941:http://www.html-js.com/user/942:http://www.html-js.com/user/952]
被,1005,被,[http://www.html-js.com/article/1593:http://www.html-js.com/read/1436:http://www.html-js.com/article/1589:http://www.html-js.com/article/1309:http://www.html-js.com/read/1309:http://www.html-js.com/cards:http://www.html-js.com/cards?page=1:http://www.html-js.com/article/1582:http://www.html-js.com/article/1124:http://www.html-js.com/read/1375]
css,945,css,[http://www.html-js.com/article/1103:http://www.html-js.com/article/1292:http://www.html-js.com/read/1292:http://www.html-js.com/article/1177:http://www.html-js.com/read/1331:http://www.html-js.com/read/1326:http://www.html-js.com/read/1286:http://www.html-js.com/read?page=4:http://www.html-js.com/article/1159:http://www.html-js.com/read/1337]
基于,909,基于,[http://www.html-js.com/article/1495:http://www.html-js.com/article/1507:http://www.html-js.com/article/1493:http://www.html-js.com/article/1496:http://www.html-js.com/article/1497:http://www.html-js.com/article/1500:http://www.html-js.com/article/1503:http://www.html-js.com/article/1512:http://www.html-js.com/article/column/12:http://www.html-js.com/article/column/12?page=1]
写,905,写,[http://www.html-js.com/read/1330:http://www.html-js.com/article/?page=36:http://www.html-js.com/read/1420:http://www.html-js.com/article/?page=38:http://www.html-js.com/qa/34:http://www.html-js.com/article/?page=40:http://www.html-js.com/article?page=...:http://www.html-js.com/article/1159:http://www.html-js.com/article/1177:http://www.html-js.com/read/1463]
html,901,html,[http://www.html-js.com/article/1596:http://www.html-js.com/read/1407:http://www.html-js.com/article/1595:http://www.html-js.com/article/1103:http://www.html-js.com/article/1292:http://www.html-js.com/read/1292:http://www.html-js.com/article/1561:http://www.html-js.com/article/1091:http://www.html-js.com/read/1350:http://www.html-js.com/read/1447]
jasmine,896,jasmine,[http://www.html-js.com/article/1507:http://www.html-js.com/article/1495:http://www.html-js.com/article/1497:http://www.html-js.com/article/1500:http://www.html-js.com/article/1503:http://www.html-js.com/article/1512:http://www.html-js.com/article/1496:http://www.html-js.com/article/1493:http://www.html-js.com/article/column/12:http://www.html-js.com/article/column/12?page=1]
jquery,862,jquery,[http://www.html-js.com/article/1302:http://www.html-js.com/read/1302:http://www.html-js.com/read/1301:http://www.html-js.com/article/1274:http://www.html-js.com/article/1611:http://www.html-js.com/read/1274:http://www.html-js.com/read/1324:http://www.html-js.com/tag/6:http://www.html-js.com/article/1471:http://www.html-js.com/article/1473]
文件,855,文件,[http://www.html-js.com/read/1319:http://www.html-js.com/read/1398:http://www.html-js.com/article/?page=32:http://www.html-js.com/article/1605:http://www.html-js.com/read/1323:http://www.html-js.com/read/1385:http://www.html-js.com/article/?page=38:http://www.html-js.com/read/1324:http://www.html-js.com/article/?page=40:http://www.html-js.com/read/1340]
给,848,给,[http://www.html-js.com/article/?page=36:http://www.html-js.com/article/1592:http://www.html-js.com/article/?page=38:http://www.html-js.com/article/1577:http://www.html-js.com/article/1103:http://www.html-js.com/article/1526:http://www.html-js.com/article/1235:http://www.html-js.com/article/1576:http://www.html-js.com/article/1578:http://www.html-js.com/article/1188]
引用,833,引用,[http://www.html-js.com/topic/3:http://www.html-js.com/article/1589:http://www.html-js.com/topic/6:http://www.html-js.com/topic/3?page=7:http://www.html-js.com/topic/27:http://www.html-js.com/topic/3?page=1:http://www.html-js.com/topic/3?page=2:http://www.html-js.com/topic/3?page=5:http://www.html-js.com/topic/3?page=6:http://www.html-js.com/topic/3?page=8]
问答,818,问答,[http://www.html-js.com/?page=28:http://www.html-js.com/?tag=%E7%9B%97%E7%89%88:http://www.html-js.com/?tag=android:http://www.html-js.com/?tag=ide:http://www.html-js.com/?tag=oauth:http://www.html-js.com/?cat=1:http://www.html-js.com/?cat=7:http://www.html-js.com/?feed=rss2&cat=1:http://www.html-js.com/?m=201104:http://www.html-js.com/?tag=canvas]
return,812,"return, returns",[http://www.html-js.com/article/1309:http://www.html-js.com/read/1309:http://www.html-js.com/article/1180:http://www.html-js.com/article/1211:http://www.html-js.com/article/?page=34:http://www.html-js.com/read/1401:http://www.html-js.com/article/1274:http://www.html-js.com/article/1539:http://www.html-js.com/read/1274:http://www.html-js.com/article/1571]
链接,775,链接,[http://www.html-js.com/read/1407:http://www.html-js.com/article/1149:http://www.html-js.com/article/?page=40:http://www.html-js.com/read:http://www.html-js.com/read?page=1:http://www.html-js.com/read?page=2:http://www.html-js.com/read?page=3:http://www.html-js.com/read?page=4:http://www.html-js.com/read?page=5:http://www.html-js.com/topic/6]
区,770,区,[http://www.html-js.com/read/1407:http://www.html-js.com/?cat=1:http://www.html-js.com/?feed=rss2&cat=1:http://www.html-js.com/?m=201208:http://www.html-js.com/?tag=%E7%9B%97%E7%89%88:http://www.html-js.com/?tag=android:http://www.html-js.com/?tag=canvas:http://www.html-js.com/?tag=ide:http://www.html-js.com/?tag=oauth:http://www.html-js.com/?tag=yui]
种,759,种,[http://www.html-js.com/read/1436:http://www.html-js.com/article/?page=40:http://www.html-js.com/article/1589:http://www.html-js.com/read/1459:http://www.html-js.com/read/1372:http://www.html-js.com/read/1398:http://www.html-js.com/article/?page=38:http://www.html-js.com/topic/41:http://www.html-js.com/article/?page=47:http://www.html-js.com/qa/34]
章,747,章,[http://www.html-js.com/article/1495:http://www.html-js.com/article/1493:http://www.html-js.com/article/1497:http://www.html-js.com/article/1496:http://www.html-js.com/article/1500:http://www.html-js.com/article/1503:http://www.html-js.com/article/1507:http://www.html-js.com/article/1512:http://www.html-js.com/article/column/12:http://www.html-js.com/article/column/12?page=1]
属性,717,属性,[http://www.html-js.com/read/1375:http://www.html-js.com/read/1326:http://www.html-js.com/read/1331:http://www.html-js.com/read/1283:http://www.html-js.com/article/1124:http://www.html-js.com/article/1526:http://www.html-js.com/article/1561:http://www.html-js.com/article/1222:http://www.html-js.com/article/1589:http://www.html-js.com/article/1593]
值,715,值,[http://www.html-js.com/article/1589:http://www.html-js.com/read/1323:http://www.html-js.com/cards:http://www.html-js.com/cards?page=1:http://www.html-js.com/article/1593:http://www.html-js.com/article/1577:http://www.html-js.com/article/1509:http://www.html-js.com/article/1510:http://www.html-js.com/article/1526:http://www.html-js.com/article/1596]
分,709,分,[http://www.html-js.com/article/1520:http://www.html-js.com/qa/187:http://www.html-js.com/article/1097:http://www.html-js.com/article/1532:http://www.html-js.com/article/1152:http://www.html-js.com/article/1177:http://www.html-js.com/article/1216:http://www.html-js.com/article/1411:http://www.html-js.com/article/1440:http://www.html-js.com/article/1508]
hussion,706,hussion,[http://www.html-js.com/user/268:http://www.html-js.com/qa/118:http://www.html-js.com/qa/65:http://www.html-js.com/topic/22?page=1:http://www.html-js.com/user/938:http://www.html-js.com/user/94:http://www.html-js.com/user/941:http://www.html-js.com/user/942:http://www.html-js.com/user/952:http://www.html-js.com/user/957]
最,675,最,[http://www.html-js.com/read/1398:http://www.html-js.com/read?page=4:http://www.html-js.com/article/1306:http://www.html-js.com/qa/34:http://www.html-js.com/read/1306:http://www.html-js.com/topic/86:http://www.html-js.com/article/1518:http://www.html-js.com/read/1341:http://www.html-js.com/read/1420:http://www.html-js.com/read/1330]
kevin,663,kevin,[http://www.html-js.com/card/149:http://www.html-js.com/talk/1bd7e407-010c-4648-9c06-3637fc37f51d:http://www.html-js.com/user/938:http://www.html-js.com/user/94:http://www.html-js.com/user/941:http://www.html-js.com/user/942:http://www.html-js.com/user/952:http://www.html-js.com/user/957:http://www.html-js.com/user/959:http://www.html-js.com/user/961]
life,635,life,[http://www.html-js.com/user/639:http://www.html-js.com/user/938:http://www.html-js.com/user/94:http://www.html-js.com/user/941:http://www.html-js.com/user/942:http://www.html-js.com/user/952:http://www.html-js.com/user/957:http://www.html-js.com/user/959:http://www.html-js.com/user/961:http://www.html-js.com/user/962]
应用,624,应用,[http://www.html-js.com/read/1436:http://www.html-js.com/read/1444:http://www.html-js.com/article/1306:http://www.html-js.com/read/1306:http://www.html-js.com/read/1350:http://www.html-js.com/article/1611:http://www.html-js.com/article/1614:http://www.html-js.com/article/1583:http://www.html-js.com/article/1193:http://www.html-js.com/article/?page=36]
div,609,div,[http://www.html-js.com/article/1131:http://www.html-js.com/read/1328:http://www.html-js.com/article/1533:http://www.html-js.com/article/1561:http://www.html-js.com/article/1564:http://www.html-js.com/article/1292:http://www.html-js.com/read/1292:http://www.html-js.com/read/1331:http://www.html-js.com/article/1560:http://www.html-js.com/qa/111]
模块,598,模块,[http://www.html-js.com/article/1176:http://www.html-js.com/read/1319:http://www.html-js.com/article/1216:http://www.html-js.com/read/1324:http://www.html-js.com/article/1428:http://www.html-js.com/article/1378:http://www.html-js.com/article/1565:http://www.html-js.com/article/1530:http://www.html-js.com/article/1563:http://www.html-js.com/article/1583]
power,597,power,[http://www.html-js.com/topic/24:http://www.html-js.com/user/159:http://www.html-js.com/user/935:http://www.html-js.com/user/938:http://www.html-js.com/user/94:http://www.html-js.com/user/941:http://www.html-js.com/user/942:http://www.html-js.com/user/952:http://www.html-js.com/user/957:http://www.html-js.com/user/959]
推荐,571,推荐,[http://www.html-js.com/article/1484:http://www.html-js.com/article/1243:http://www.html-js.com/article/1470:http://www.html-js.com/article/1410:http://www.html-js.com/topic/?tag_id=8:http://www.html-js.com/topic?tag_id=8:http://www.html-js.com/article/1440:http://www.html-js.com/article/1427:http://www.html-js.com/card/215:http://www.html-js.com/article/column/3]
数据,559,数据,[http://www.html-js.com/read/1436:http://www.html-js.com/read/1323:http://www.html-js.com/article/1091:http://www.html-js.com/read/1372:http://www.html-js.com/article/1108:http://www.html-js.com/read/1414:http://www.html-js.com/topic/86:http://www.html-js.com/article/1595:http://www.html-js.com/article/1596:http://www.html-js.com/read/1463]
大,557,大,[http://www.html-js.com/qa/34:http://www.html-js.com/read/1420:http://www.html-js.com/article/1441:http://www.html-js.com/qa/35:http://www.html-js.com/qa/11:http://www.html-js.com/read/1458:http://www.html-js.com/article/1164:http://www.html-js.com/article/1421:http://www.html-js.com/read/1423:http://www.html-js.com/topic/21]
楼,551,楼,[http://www.html-js.com/topic/3:http://www.html-js.com/topic/3?page=7:http://www.html-js.com/topic/3?page=1:http://www.html-js.com/topic/3?page=5:http://www.html-js.com/topic/3?page=8:http://www.html-js.com/topic/27:http://www.html-js.com/topic/3?page=2:http://www.html-js.com/topic/3?page=6:http://www.html-js.com/topic/6:http://www.html-js.com/topic/3?page=9]
programer's,546,programer's,[http://www.html-js.com/user/935:http://www.html-js.com/user/938:http://www.html-js.com/user/94:http://www.html-js.com/user/941:http://www.html-js.com/user/942:http://www.html-js.com/user/952:http://www.html-js.com/user/957:http://www.html-js.com/user/959:http://www.html-js.com/user/961:http://www.html-js.com/user/964]
提交,541,提交,[http://www.html-js.com/article/1534:http://www.html-js.com/qa/65:http://www.html-js.com/read/1467:http://www.html-js.com/article/1535:http://www.html-js.com/qa/75:http://www.html-js.com/qa/108:http://www.html-js.com/qa/119:http://www.html-js.com/qa/33:http://www.html-js.com/qa/81:http://www.html-js.com/read/1429]
github,540,"github, github's",[http://www.html-js.com/read/1457:http://www.html-js.com/article/1581:http://www.html-js.com/cards:http://www.html-js.com/cards?page=1:http://www.html-js.com/read/1398:http://www.html-js.com/read/1429:http://www.html-js.com/article/1234:http://www.html-js.com/article/1586:http://www.html-js.com/qa/31:http://www.html-js.com/tag/n/GitHub]
angular,534,angular,[http://www.html-js.com/read/1350:http://www.html-js.com/article/1611:http://www.html-js.com/article/1561:http://www.html-js.com/read/1418:http://www.html-js.com/article/1564:http://www.html-js.com/article/1614:http://www.html-js.com/article/:http://www.html-js.com/article/1613:http://www.html-js.com/article/?page=2:http://www.html-js.com/article/1302]
时间,522,时间,[http://www.html-js.com/article/1478:http://www.html-js.com/read/1478:http://www.html-js.com/read/1436:http://www.html-js.com/article/column:http://www.html-js.com/read/1432:http://www.html-js.com/article/column?page=1:http://www.html-js.com/read/1403:http://www.html-js.com/read/1404:http://www.html-js.com/article:http://www.html-js.com/article?filter=type%7C6]
richard,502,richard,[http://www.html-js.com/user/931:http://www.html-js.com/user/934:http://www.html-js.com/user/935:http://www.html-js.com/user/938:http://www.html-js.com/user/941:http://www.html-js.com/user/942:http://www.html-js.com/user/952:http://www.html-js.com/user/957:http://www.html-js.com/user/959:http://www.html-js.com/user/964]
标签,502,标签,[http://www.html-js.com/read/1444:http://www.html-js.com/read/1338:http://www.html-js.com/read/1339:http://www.html-js.com/read/1432:http://www.html-js.com/read/1407:http://www.html-js.com/article/?page=43:http://www.html-js.com/read/1414:http://www.html-js.com/article/1120:http://www.html-js.com/article/1595:http://www.html-js.com/read/1302]
吧,493,吧,[http://www.html-js.com/article/?page=36:http://www.html-js.com/article/1274:http://www.html-js.com/read/1274:http://www.html-js.com/read/1429:http://www.html-js.com/article/1455:http://www.html-js.com/qa/34:http://www.html-js.com/topic/61:http://www.html-js.com/article/1532:http://www.html-js.com/article/1554:http://www.html-js.com/article/1588]
email,484,email,[http://www.html-js.com/read/1285:http://www.html-js.com/article/1591:http://www.html-js.com/article/1154:http://www.html-js.com/read?page=6:http://www.html-js.com/user/935:http://www.html-js.com/user/938:http://www.html-js.com/user/94:http://www.html-js.com/user/942:http://www.html-js.com/user/952:http://www.html-js.com/user/957]
字符,482,字符,[http://www.html-js.com/read/1430:http://www.html-js.com/article/1300:http://www.html-js.com/read/1300:http://www.html-js.com/read/1323:http://www.html-js.com/article/1589:http://www.html-js.com/read/1368:http://www.html-js.com/read/1355:http://www.html-js.com/article/1091:http://www.html-js.com/article/1275:http://www.html-js.com/article/1521]
选择,481,选择,[http://www.html-js.com/read/1331:http://www.html-js.com/read/1432:http://www.html-js.com/read/1338:http://www.html-js.com/read/1339:http://www.html-js.com/article/1473:http://www.html-js.com/article/1159:http://www.html-js.com/read?page=4:http://www.html-js.com/?p=259:http://www.html-js.com/read?page=5:http://www.html-js.com/article/1472]
views,479,views,[http://www.html-js.com/read?page=4:http://www.html-js.com/read?page=5:http://www.html-js.com/read:http://www.html-js.com/read?page=1:http://www.html-js.com/read?page=2:http://www.html-js.com/read?page=3:http://www.html-js.com/tag/4:http://www.html-js.com/article/1242:http://www.html-js.com/article/?page=12:http://www.html-js.com/article?page=2]
工作,474,工作,[http://www.html-js.com/article/1478:http://www.html-js.com/read/1478:http://www.html-js.com/read/1423:http://www.html-js.com/read/1398:http://www.html-js.com/read/1342:http://www.html-js.com/article/1247:http://www.html-js.com/article/1268:http://www.html-js.com/article/1534:http://www.html-js.com/qa/47:http://www.html-js.com/article/1535]
翻译,473,翻译,[http://www.html-js.com/article/1498:http://www.html-js.com/article/column/7?page=62:http://www.html-js.com/article/column/7?page=64:http://www.html-js.com/article/column/7?page=66:http://www.html-js.com/article/column/7?page=67:http://www.html-js.com/article/column/7?page=68:http://www.html-js.com/article/column/7?page=79:http://www.html-js.com/article/column/7?page=80:http://www.html-js.com/article/column/7?page=81:http://www.html-js.com/article/column/7?page=82]
书,471,书,[http://www.html-js.com/article/?page=36:http://www.html-js.com/article/1192:http://www.html-js.com/article/1575:http://www.html-js.com/article/?page=40:http://www.html-js.com/article/1151:http://www.html-js.com/article/1353:http://www.html-js.com/article/1156:http://www.html-js.com/article/1602:http://www.html-js.com/article/1590:http://www.html-js.com/read/1459]
工具,470,工具,[http://www.html-js.com/read/1432:http://www.html-js.com/read/1398:http://www.html-js.com/read/1364:http://www.html-js.com/read/1385:http://www.html-js.com/read/1290:http://www.html-js.com/read/1449:http://www.html-js.com/article/1090:http://www.html-js.com/article/1108:http://www.html-js.com/article/1163:http://www.html-js.com/article/1478]
变量,455,变量,[http://www.html-js.com/read/1375:http://www.html-js.com/article/1589:http://www.html-js.com/article/1124:http://www.html-js.com/article/1582:http://www.html-js.com/topic/12:http://www.html-js.com/article/1569:http://www.html-js.com/read/1408:http://www.html-js.com/article/1592:http://www.html-js.com/article/?page=2:http://www.html-js.com/article/1568]
图片,454,图片,[http://www.html-js.com/article/1114:http://www.html-js.com/article/?page=43:http://www.html-js.com/article/?page=32:http://www.html-js.com/article/?page=38:http://www.html-js.com/article/1197:http://www.html-js.com/qa/72:http://www.html-js.com/article/1223:http://www.html-js.com/qa/57:http://www.html-js.com/read/1326:http://www.html-js.com/article/1521]
灰,454,灰,[http://www.html-js.com/article/column/7?page=252:http://www.html-js.com/article/column/7?page=263:http://www.html-js.com/article/column/7?page=264:http://www.html-js.com/article/column/7?page=265:http://www.html-js.com/article/column/7?page=266:http://www.html-js.com/article/column/7?page=267:http://www.html-js.com/article/column/7?page=34:http://www.html-js.com/article/column/7?page=35:http://www.html-js.com/article/column/7?page=36:http://www.html-js.com/article/column/7?page=38]
阅读,451,阅读,[http://www.html-js.com/read/1326:http://www.html-js.com/article?filter=type%7C6:http://www.html-js.com/article:http://www.html-js.com/article/old:http://www.html-js.com/qa:http://www.html-js.com/qa/:http://www.html-js.com/qa/?page=4:http://www.html-js.com/qa/?page=5:http://www.html-js.com/read/1412:http://www.html-js.com/qa/?page=3]
npm,447,npm,[http://www.html-js.com/article/1605:http://www.html-js.com/article/1428:http://www.html-js.com/article/1602:http://www.html-js.com/read/1319:http://www.html-js.com/read/1398:http://www.html-js.com/?tag=google:http://www.html-js.com/?tag=mp3%EF%BC%8Cid3lib:http://www.html-js.com/article:http://www.html-js.com/read/1393:http://www.html-js.com/?tag=pngout]
收藏,447,收藏,[http://www.html-js.com/?p=259:http://www.html-js.com/topic/75:http://www.html-js.com/article/1141:http://www.html-js.com/qa/55:http://www.html-js.com/qa/44:http://www.html-js.com/topic/14:http://www.html-js.com/topic/50:http://www.html-js.com/topic/95:http://www.html-js.com/topic/62:http://www.html-js.com/topic/72]
console,440,console,[http://www.html-js.com/article/?page=32:http://www.html-js.com/article/1589:http://www.html-js.com/article/1310:http://www.html-js.com/read/1310:http://www.html-js.com/article/1593:http://www.html-js.com/read/1432:http://www.html-js.com/article/1587:http://www.html-js.com/article/1230:http://www.html-js.com/read/1345:http://www.html-js.com/article/1477]
处理,433,处理,[http://www.html-js.com/article/?page=32:http://www.html-js.com/article/1230:http://www.html-js.com/read/1430:http://www.html-js.com/read/1356:http://www.html-js.com/article/1584:http://www.html-js.com/article/?page=43:http://www.html-js.com/topic/23:http://www.html-js.com/read/1435:http://www.html-js.com/article/1114:http://www.html-js.com/topic/23?page=1]
框架,432,框架,[http://www.html-js.com/article/1306:http://www.html-js.com/read/1306:http://www.html-js.com/article/1176:http://www.html-js.com/read/1350:http://www.html-js.com/article/1530:http://www.html-js.com/article/1614:http://www.html-js.com/qa/34:http://www.html-js.com/article/1541:http://www.html-js.com/article/1583:http://www.html-js.com/read/1476]
招聘,424,招聘,[http://www.html-js.com/topic?tag_id=3:http://www.html-js.com/topic/?tag_id=3:http://www.html-js.com/topic/37:http://www.html-js.com/topic/39:http://www.html-js.com/article/1116:http://www.html-js.com/topic/20:http://www.html-js.com/topic/21:http://www.html-js.com/topic/38:http://www.html-js.com/topic/73:http://www.html-js.com/topic/89]
you,422,you,[http://www.html-js.com/article/1304:http://www.html-js.com/article/1276:http://www.html-js.com/read/1396:http://www.html-js.com/article/1303:http://www.html-js.com/read/1395:http://www.html-js.com/article/1305:http://www.html-js.com/read/1418:http://www.html-js.com/read/1392:http://www.html-js.com/read/1400:http://www.html-js.com/read/1438]
功能,422,功能,[http://www.html-js.com/article/1302:http://www.html-js.com/read/1302:http://www.html-js.com/article/1357:http://www.html-js.com/article/1611:http://www.html-js.com/article/1142:http://www.html-js.com/article/?page=41:http://www.html-js.com/article/1085:http://www.html-js.com/article/1351:http://www.html-js.com/article/1530:http://www.html-js.com/article/1537]
模板,422,模板,[http://www.html-js.com/article/1595:http://www.html-js.com/article/1596:http://www.html-js.com/article/1547:http://www.html-js.com/article/1091:http://www.html-js.com/article/1218:http://www.html-js.com/article/1217:http://www.html-js.com/article/1351:http://www.html-js.com/article/1197:http://www.html-js.com/article/column/23:http://www.html-js.com/article/1548]
class,420,"class, classes",[http://www.html-js.com/read/1328:http://www.html-js.com/qa/111:http://www.html-js.com/read/1276:http://www.html-js.com/article/1276:http://www.html-js.com/article/1564:http://www.html-js.com/article/1533:http://www.html-js.com/article/1473:http://www.html-js.com/article/1526:http://www.html-js.com/article/1159:http://www.html-js.com/article/1302]
实现,413,实现,[http://www.html-js.com/article/1309:http://www.html-js.com/read/1309:http://www.html-js.com/read/1459:http://www.html-js.com/article/1306:http://www.html-js.com/read/1306:http://www.html-js.com/article/1485:http://www.html-js.com/read/1337:http://www.html-js.com/read/1319:http://www.html-js.com/read/1385:http://www.html-js.com/read/1463]
git,404,"git, git's",[http://www.html-js.com/read/1457:http://www.html-js.com/article/1535:http://www.html-js.com/read/1467:http://www.html-js.com/read/1398:http://www.html-js.com/article/1534:http://www.html-js.com/read/1429:http://www.html-js.com/article/1605:http://www.html-js.com/article/column/19:http://www.html-js.com/article/?page=5:http://www.html-js.com/article/1527]
表达,404,表达,[http://www.html-js.com/article/1309:http://www.html-js.com/read/1309:http://www.html-js.com/read/1368:http://www.html-js.com/article/1596:http://www.html-js.com/article/1275:http://www.html-js.com/article/1520:http://www.html-js.com/article/1300:http://www.html-js.com/article/1595:http://www.html-js.com/read/1300:http://www.html-js.com/read?page=4]
内容,391,内容,[http://www.html-js.com/read/1444:http://www.html-js.com/article/1162:http://www.html-js.com/read/1385:http://www.html-js.com/article/1527:http://www.html-js.com/article/1087:http://www.html-js.com/read/1330:http://www.html-js.com/article/1077:http://www.html-js.com/article/1130:http://www.html-js.com/article/1132:http://www.html-js.com/article/1535]
怪癖,389,怪癖,[http://www.html-js.com/article/column/14:http://www.html-js.com/article/1511:http://www.html-js.com/article/1509:http://www.html-js.com/article/1567:http://www.html-js.com/article/1569:http://www.html-js.com/article/1510:http://www.html-js.com/article/1566:http://www.html-js.com/article/1568:http://www.html-js.com/article/1508:http://www.html-js.com/article/?page=2]
w3cplus,383,w3cplus,[http://www.html-js.com/topic/62:http://www.html-js.com/read/1412:http://www.html-js.com/article/1487:http://www.html-js.com/article/1488:http://www.html-js.com/read/1487:http://www.html-js.com/read/1488:http://www.html-js.com/article/1427:http://www.html-js.com/article/old?page=1:http://www.html-js.com/card/52:http://www.html-js.com/topic/33]
express,380,express,[http://www.html-js.com/article/1530:http://www.html-js.com/read/1356:http://www.html-js.com/article/1603:http://www.html-js.com/article/1606:http://www.html-js.com/article/1351:http://www.html-js.com/article/1225:http://www.html-js.com/tag/n/Express:http://www.html-js.com/article/?page=4:http://www.html-js.com/article/?page=5:http://www.html-js.com/qa/176]
信息,380,信息,[http://www.html-js.com/read/1436:http://www.html-js.com/read/1372:http://www.html-js.com/read/1444:http://www.html-js.com/cards:http://www.html-js.com/cards?page=1:http://www.html-js.com/article/1477:http://www.html-js.com/article/1613:http://www.html-js.com/article/1158:http://www.html-js.com/article/1225:http://www.html-js.com/article/1188]
user,371,"user, users, user's",[http://www.html-js.com/read/1356:http://www.html-js.com/article/1539:http://www.html-js.com/read/1276:http://www.html-js.com/article/1276:http://www.html-js.com/read/1323:http://www.html-js.com/read/1389:http://www.html-js.com/read/1386:http://www.html-js.com/article/1522:http://www.html-js.com/read/1379:http://www.html-js.com/read/1457]
dom,368,"dom, doms",[http://www.html-js.com/read/1437:http://www.html-js.com/article/1302:http://www.html-js.com/read/1302:http://www.html-js.com/article/1473:http://www.html-js.com/article/1199:http://www.html-js.com/read/1301:http://www.html-js.com/article/1611:http://www.html-js.com/article/1131:http://www.html-js.com/article/?page=43:http://www.html-js.com/article/1114]
服务器,366,服务器,[http://www.html-js.com/article/1306:http://www.html-js.com/read/1306:http://www.html-js.com/article/1164:http://www.html-js.com/article/?page=38:http://www.html-js.com/read/1372:http://www.html-js.com/read/1403:http://www.html-js.com/article/1583:http://www.html-js.com/tag/8:http://www.html-js.com/article/1241:http://www.html-js.com/qa/173]
编程,364,编程,[http://www.html-js.com/article/1575:http://www.html-js.com/article?filter=type%7C6:http://www.html-js.com/article/column/34:http://www.html-js.com/article?page=...:http://www.html-js.com/article/1590:http://www.html-js.com/qa/81:http://www.html-js.com/read/1420:http://www.html-js.com/article/?page=2:http://www.html-js.com/article/1583:http://www.html-js.com/topic/50]
匹配,358,匹配,[http://www.html-js.com/article/1275:http://www.html-js.com/read/1368:http://www.html-js.com/article/1159:http://www.html-js.com/read/1338:http://www.html-js.com/read/1339:http://www.html-js.com/article/1497:http://www.html-js.com/article/1300:http://www.html-js.com/read/1300:http://www.html-js.com/read/1331:http://www.html-js.com/article/1561]
网站,355,网站,[http://www.html-js.com/cards:http://www.html-js.com/cards?page=1:http://www.html-js.com/read/1364:http://www.html-js.com/article/?page=38:http://www.html-js.com/article/1164:http://www.html-js.com/article/1247:http://www.html-js.com/article/1586:http://www.html-js.com/read/1415:http://www.html-js.com/qa/90:http://www.html-js.com/read/1284]
创建,353,创建,[http://www.html-js.com/article/1561:http://www.html-js.com/read/1323:http://www.html-js.com/article/1589:http://www.html-js.com/article/1309:http://www.html-js.com/read/1309:http://www.html-js.com/article/1615:http://www.html-js.com/article/?page=2:http://www.html-js.com/article/1131:http://www.html-js.com/article/1614:http://www.html-js.com/article/1605]
设计,353,设计,[http://www.html-js.com/article/1247:http://www.html-js.com/read/1459:http://www.html-js.com/read/1412:http://www.html-js.com/article/1161:http://www.html-js.com/article/1349:http://www.html-js.com/article/1306:http://www.html-js.com/read/1420:http://www.html-js.com/read/1306:http://www.html-js.com/topic/88:http://www.html-js.com/article/1095]
app,347,"app, apps",[http://www.html-js.com/read/1356:http://www.html-js.com/article/1603:http://www.html-js.com/article/1530:http://www.html-js.com/article/1549:http://www.html-js.com/article/1606:http://www.html-js.com/article/1225:http://www.html-js.com/article/1614:http://www.html-js.com/article/1615:http://www.html-js.com/qa/105:http://www.html-js.com/read/1418]
老,347,老,[http://www.html-js.com/topic/69:http://www.html-js.com/user/242:http://www.html-js.com/article/1428:http://www.html-js.com/read/1423:http://www.html-js.com/topic/35:http://www.html-js.com/topic/35?page=1:http://www.html-js.com/article/1358:http://www.html-js.com/read/1371:http://www.html-js.com/user/395:http://www.html-js.com/article/column/4?page=98]
雷,345,雷,[http://www.html-js.com/user/242:http://www.html-js.com/article/1428:http://www.html-js.com/topic/35:http://www.html-js.com/topic/35?page=1:http://www.html-js.com/read/1371:http://www.html-js.com/user/395:http://www.html-js.com/article/1357:http://www.html-js.com/article/1358:http://www.html-js.com/article/1421:http://www.html-js.com/article/column/1]
log,342,log,[http://www.html-js.com/article/1589:http://www.html-js.com/article/?page=32:http://www.html-js.com/article/1593:http://www.html-js.com/read/1435:http://www.html-js.com/article/1310:http://www.html-js.com/read/1310:http://www.html-js.com/topic/12:http://www.html-js.com/article/1230:http://www.html-js.com/read/1345:http://www.html-js.com/topic/32]
项目,342,项目,[http://www.html-js.com/read/1398:http://www.html-js.com/article/1581:http://www.html-js.com/read/1429:http://www.html-js.com/article/1596:http://www.html-js.com/article/1605:http://www.html-js.com/article/1261:http://www.html-js.com/read/1476:http://www.html-js.com/article/1351:http://www.html-js.com/read/1350:http://www.html-js.com/article/1247]
file,339,"file, files, file's",[http://www.html-js.com/read/1276:http://www.html-js.com/article/?page=38:http://www.html-js.com/article/1276:http://www.html-js.com/article/1166:http://www.html-js.com/article/1167:http://www.html-js.com/read/1457:http://www.html-js.com/article/1174:http://www.html-js.com/article/?page=40:http://www.html-js.com/article/1265:http://www.html-js.com/read/1392]
that,327,that,[http://www.html-js.com/article/1276:http://www.html-js.com/article/1304:http://www.html-js.com/article/1124:http://www.html-js.com/read/1336:http://www.html-js.com/topic/67:http://www.html-js.com/read/1377:http://www.html-js.com/read/1395:http://www.html-js.com/read/1400:http://www.html-js.com/article/1303:http://www.html-js.com/article/1479]
支持,327,支持,[http://www.html-js.com/read/1326:http://www.html-js.com/read/1364:http://www.html-js.com/read/1331:http://www.html-js.com/read/1330:http://www.html-js.com/read/1447:http://www.html-js.com/topic/49:http://www.html-js.com/article/1085:http://www.html-js.com/article/1275:http://www.html-js.com/qa/165:http://www.html-js.com/read/1310]
name,326,name,[http://www.html-js.com/article/1561:http://www.html-js.com/read/1318:http://www.html-js.com/article/1589:http://www.html-js.com/article/1217:http://www.html-js.com/article/1593:http://www.html-js.com/article/1596:http://www.html-js.com/read/1356:http://www.html-js.com/article/1111:http://www.html-js.com/article/1545:http://www.html-js.com/article/1530]
script,324,"script, scripts",[http://www.html-js.com/read/1399:http://www.html-js.com/article/1595:http://www.html-js.com/read/1324:http://www.html-js.com/article/1596:http://www.html-js.com/article/1132:http://www.html-js.com/read/1418:http://www.html-js.com/article/1152:http://www.html-js.com/article/1295:http://www.html-js.com/article/1495:http://www.html-js.com/read/1295]
foo,320,foo,[http://www.html-js.com/article/1309:http://www.html-js.com/read/1309:http://www.html-js.com/article/1124:http://www.html-js.com/read/1345:http://www.html-js.com/read/1375:http://www.html-js.com/read/1447:http://www.html-js.com/article/1582:http://www.html-js.com/topic/58:http://www.html-js.com/article/1553:http://www.html-js.com/qa/87]
系统,320,系统,[http://www.html-js.com/read/1436:http://www.html-js.com/read/1420:http://www.html-js.com/read/1462:http://www.html-js.com/article/1590:http://www.html-js.com/article/1158:http://www.html-js.com/tag:http://www.html-js.com/read/1429:http://www.html-js.com/article/1247:http://www.html-js.com/article/1197:http://www.html-js.com/article/1554]
插入,318,插入,[http://www.html-js.com/article/1520:http://www.html-js.com/article/1527:http://www.html-js.com/qa/187:http://www.html-js.com/qa/110:http://www.html-js.com/qa/186:http://www.html-js.com/qa/69:http://www.html-js.com/qa/72:http://www.html-js.com/topic/91:http://www.html-js.com/topic/92:http://www.html-js.com/topic/93]
能,317,能,[http://www.html-js.com/read/1423:http://www.html-js.com/article/1493:http://www.html-js.com/article/1592:http://www.html-js.com/qa/34:http://www.html-js.com/article/1247:http://www.html-js.com/article/1478:http://www.html-js.com/article/1277:http://www.html-js.com/read/1330:http://www.html-js.com/read/1478:http://www.html-js.com/article/1497]
scope,310,scope,[http://www.html-js.com/article/1561:http://www.html-js.com/article/1615:http://www.html-js.com/article/1560:http://www.html-js.com/article/1564:http://www.html-js.com/article/1613:http://www.html-js.com/article/1302:http://www.html-js.com/read/1301:http://www.html-js.com/read/1302:http://www.html-js.com/read/1418:http://www.html-js.com/read/1318]
修改,309,修改,[http://www.html-js.com/read/1403:http://www.html-js.com/read/1385:http://www.html-js.com/read/1367:http://www.html-js.com/article/1560:http://www.html-js.com/qa/30:http://www.html-js.com/qa/145:http://www.html-js.com/qa/65:http://www.html-js.com/qa/68:http://www.html-js.com/topic/94:http://www.html-js.com/qa/70]
mysql,307,mysql,[http://www.html-js.com/read/1323:http://www.html-js.com/topic/86:http://www.html-js.com/tag/n/MySQL:http://www.html-js.com/article/1247:http://www.html-js.com/article/1477:http://www.html-js.com/article/1554:http://www.html-js.com/tag:http://www.html-js.com/topic/87:http://www.html-js.com/article/1273:http://www.html-js.com/qa/190]
设置,307,设置,[http://www.html-js.com/read/1326:http://www.html-js.com/read/1286:http://www.html-js.com/read/1356:http://www.html-js.com/read/1432:http://www.html-js.com/article/1526:http://www.html-js.com/article/?page=47:http://www.html-js.com/article/1171:http://www.html-js.com/article/1198:http://www.html-js.com/qa/73:http://www.html-js.com/article/1530]
作用,306,作用,[http://www.html-js.com/article/1582:http://www.html-js.com/article/1309:http://www.html-js.com/article/?page=2:http://www.html-js.com/read/1309:http://www.html-js.com/article/1561:http://www.html-js.com/article/1562:http://www.html-js.com/article/1560:http://www.html-js.com/article/column/27:http://www.html-js.com/article/1615:http://www.html-js.com/article/1568]
定义,306,定义,[http://www.html-js.com/read/1444:http://www.html-js.com/article/1596:http://www.html-js.com/read/1286:http://www.html-js.com/article/?page=2:http://www.html-js.com/read/1319:http://www.html-js.com/article/:http://www.html-js.com/article/1103:http://www.html-js.com/read/1341:http://www.html-js.com/article/1180:http://www.html-js.com/article/1582]
指令,298,指令,[http://www.html-js.com/article/1561:http://www.html-js.com/article/:http://www.html-js.com/article/?page=2:http://www.html-js.com/article/1562:http://www.html-js.com/article/1564:http://www.html-js.com/article/1302:http://www.html-js.com/read/1302:http://www.html-js.com/article/column/27:http://www.html-js.com/user/354]
表,298,表,[http://www.html-js.com/read/1323:http://www.html-js.com/topic/86:http://www.html-js.com/read/1414:http://www.html-js.com/qa/107:http://www.html-js.com/qa/148:http://www.html-js.com/qa/27:http://www.html-js.com/read/1285:http://www.html-js.com/qa/26:http://www.html-js.com/qa/?page=4:http://www.html-js.com/qa/62]
php,293,php,[http://www.html-js.com/article/?page=36:http://www.html-js.com/article/1193:http://www.html-js.com/article/?page=40:http://www.html-js.com/read/1380:http://www.html-js.com/article/1148:http://www.html-js.com/article/1247:http://www.html-js.com/article/?page=34:http://www.html-js.com/cards:http://www.html-js.com/article/1205:http://www.html-js.com/article/1184]
type,293,"type, types",[http://www.html-js.com/article/?page=36:http://www.html-js.com/article/1307:http://www.html-js.com/read/1307:http://www.html-js.com/read/1331:http://www.html-js.com/article/1292:http://www.html-js.com/read/1292:http://www.html-js.com/read/1338:http://www.html-js.com/read/1339:http://www.html-js.com/article/1188:http://www.html-js.com/article/1225]
技术,293,技术,[http://www.html-js.com/article/1247:http://www.html-js.com/qa/90:http://www.html-js.com/topic?tag_id=2:http://www.html-js.com/topic/?tag_id=2:http://www.html-js.com/read/1337:http://www.html-js.com/read/1462:http://www.html-js.com/tag/n/%E5%89%8D%E7%AB%AF%E5%BC%80%E5%8F%91:http://www.html-js.com/topic/?page=1:http://www.html-js.com/topic?page=1:http://www.html-js.com/topic?page=2]
活动,286,活动,[http://www.html-js.com/read/1444:http://www.html-js.com/act/1:http://www.html-js.com/topic/14:http://www.html-js.com/topic/14?page=1:http://www.html-js.com/article/1218:http://www.html-js.com/article/1358:http://www.html-js.com/act/2:http://www.html-js.com/article/1156:http://www.html-js.com/?tag=%E5%BC%80%E5%8F%91%E5%B7%A5%E5%85%B7:http://www.html-js.com/article/column/5]
评分,286,评分,[http://www.html-js.com/?author=1&paged=2:http://www.html-js.com/?page=11:http://www.html-js.com/?m=201105:http://www.html-js.com/?page=10:http://www.html-js.com/?tag=tips:http://www.html-js.com/?m=201207:http://www.html-js.com/?tag=ie:http://www.html-js.com/?cat=5:http://www.html-js.com/?category_name=%E5%BE%AE%E5%8D%9A%E5%BA%94%E7%94%A8%E5%88%B6%E4%BD%9C:http://www.html-js.com/?tag=%E5%BC%80%E5%8F%91%E5%B7%A5%E5%85%B7]
handlebars,283,handlebars,[http://www.html-js.com/article/1596:http://www.html-js.com/article/1595:http://www.html-js.com/article/1351:http://www.html-js.com/article:http://www.html-js.com/?cat=10:http://www.html-js.com/?tag=css:http://www.html-js.com/article/column/44:http://www.html-js.com/article/column/40:http://www.html-js.com/article/column/41:http://www.html-js.com/article/column/45]
true,283,true,[http://www.html-js.com/article/1300:http://www.html-js.com/read/1300:http://www.html-js.com/article/1124:http://www.html-js.com/read/1375:http://www.html-js.com/read/1345:http://www.html-js.com/article/1199:http://www.html-js.com/read/1330:http://www.html-js.com/article/1511:http://www.html-js.com/article/1564:http://www.html-js.com/article/1497]
blog,275,blog,[http://www.html-js.com/cards:http://www.html-js.com/cards?page=1:http://www.html-js.com/article/1536:http://www.html-js.com/article/1316:http://www.html-js.com/article/1321:http://www.html-js.com/topic/6:http://www.html-js.com/read/1401:http://www.html-js.com/read/1415:http://www.html-js.com/article/1410:http://www.html-js.com/topic/6?page=1]
最后,275,最后,[http://www.html-js.com/topic?page=1:http://www.html-js.com/topic:http://www.html-js.com/topic/?page=1:http://www.html-js.com/topic?page=3:http://www.html-js.com/topic?page=2:http://www.html-js.com/topic?tag_id=2:http://www.html-js.com/topic/?tag_id=4:http://www.html-js.com/topic?tag_id=4:http://www.html-js.com/topic/?tag_id=2:http://www.html-js.com/topic?tag_id=7]
table,272,table,[http://www.html-js.com/read/1414:http://www.html-js.com/read/1323:http://www.html-js.com/qa/73:http://www.html-js.com/article/1587:http://www.html-js.com/article/1292:http://www.html-js.com/read/1292:http://www.html-js.com/topic/22:http://www.html-js.com/article/1106:http://www.html-js.com/article/1197:http://www.html-js.com/article/1533]
视图,270,视图,[http://www.html-js.com/read/1444:http://www.html-js.com/read/1356:http://www.html-js.com/article/1302:http://www.html-js.com/read/1302:http://www.html-js.com/article/1611:http://www.html-js.com/article/1615:http://www.html-js.com/article/1091]
请求,270,请求,[http://www.html-js.com/article/1164:http://www.html-js.com/article/?page=38:http://www.html-js.com/read/1436:http://www.html-js.com/article/1306:http://www.html-js.com/read/1306:http://www.html-js.com/read/1403:http://www.html-js.com/article/?page=36:http://www.html-js.com/article/1193:http://www.html-js.com/article/1530:http://www.html-js.com/article/1603]
加载,267,加载,[http://www.html-js.com/article/1176:http://www.html-js.com/read/1324:http://www.html-js.com/read/1319:http://www.html-js.com/qa/72:http://www.html-js.com/article/1164:http://www.html-js.com/article/1188:http://www.html-js.com/qa/71:http://www.html-js.com/article/1115:http://www.html-js.com/article/1132:http://www.html-js.com/qa/76]
操作,267,操作,[http://www.html-js.com/article/1199:http://www.html-js.com/article/?page=32:http://www.html-js.com/article/1302:http://www.html-js.com/read/1302:http://www.html-js.com/topic/41:http://www.html-js.com/read/1398:http://www.html-js.com/topic/86:http://www.html-js.com/topic/13:http://www.html-js.com/article/1321:http://www.html-js.com/article/1527]
更新,267,更新,[http://www.html-js.com/article/column:http://www.html-js.com/article/column?page=1:http://www.html-js.com/article?filter=type%7C6:http://www.html-js.com/read/1385:http://www.html-js.com/article:http://www.html-js.com/article/?page=15:http://www.html-js.com/article?page=10:http://www.html-js.com/read/1364:http://www.html-js.com/article/1357:http://www.html-js.com/article/?page=4]
vps,266,vps,[http://www.html-js.com/user/869:http://www.html-js.com/user/879:http://www.html-js.com/user/892:http://www.html-js.com/user/893:http://www.html-js.com/user/909:http://www.html-js.com/user/916:http://www.html-js.com/user/931:http://www.html-js.com/user/934:http://www.html-js.com/user/941:http://www.html-js.com/user/964]
串,262,串,[http://www.html-js.com/read/1368:http://www.html-js.com/article/1589:http://www.html-js.com/article/1091:http://www.html-js.com/read/1372:http://www.html-js.com/article/1595:http://www.html-js.com/article/1131:http://www.html-js.com/article/1577:http://www.html-js.com/read/1430:http://www.html-js.com/article/1300:http://www.html-js.com/read/1300]
工程师,262,工程师,[http://www.html-js.com/read/1290:http://www.html-js.com/read?page=5:http://www.html-js.com/tag/n/%E5%89%8D%E7%AB%AF%E5%BC%80%E5%8F%91:http://www.html-js.com/cards:http://www.html-js.com/topic/39:http://www.html-js.com/topic/78:http://www.html-js.com/cards?page=1:http://www.html-js.com/topic/103:http://www.html-js.com/topic/37:http://www.html-js.com/topic/73]
多边形,260,多边形,[http://www.html-js.com/article/1528:http://www.html-js.com/article/1517:http://www.html-js.com/article/1538:http://www.html-js.com/article/1185:http://www.html-js.com/article/column/13:http://www.html-js.com/article/column/7?page=64:http://www.html-js.com/article/column/7?page=66:http://www.html-js.com/article/column/7?page=67:http://www.html-js.com/article/column/7?page=68:http://www.html-js.com/article/column/7?page=79]
学,259,学,[http://www.html-js.com/tag/n/%E5%9B%BE%E5%BD%A2%E5%AD%A6:http://www.html-js.com/article/1151:http://www.html-js.com/qa/81:http://www.html-js.com/article/1575:http://www.html-js.com/article/column/13?page=1:http://www.html-js.com/article/column/7?page=79:http://www.html-js.com/article/column/7?page=80:http://www.html-js.com/article/column/7?page=81:http://www.html-js.com/article/column/7?page=82:http://www.html-js.com/article/column/7?page=83]
req,258,req,[http://www.html-js.com/read/1356:http://www.html-js.com/article/?page=32:http://www.html-js.com/article/1530:http://www.html-js.com/article/1225:http://www.html-js.com/article/1603:http://www.html-js.com/article/1227:http://www.html-js.com/article/1606:http://www.html-js.com/qa/32:http://www.html-js.com/qa/42:http://www.html-js.com/qa/100]
jade,256,jade,[http://www.html-js.com/article/1547:http://www.html-js.com/read/1447:http://www.html-js.com/article/1545:http://www.html-js.com/read/1356:http://www.html-js.com/article/1351:http://www.html-js.com/article/1548:http://www.html-js.com/article/1544:http://www.html-js.com/article/column/23:http://www.html-js.com/article/1546:http://www.html-js.com/tag/n/Jade]
width,254,width,[http://www.html-js.com/read/1286:http://www.html-js.com/article/1103:http://www.html-js.com/article/1588:http://www.html-js.com/article/1292:http://www.html-js.com/read/1292:http://www.html-js.com/article/1114:http://www.html-js.com/article/1526:http://www.html-js.com/article/?page=43:http://www.html-js.com/article/1485:http://www.html-js.com/article/1574]
weibo,253,weibo,[http://www.html-js.com/cards:http://www.html-js.com/cards?page=1:http://www.html-js.com/article/?page=32:http://www.html-js.com/article/1225:http://www.html-js.com/?p=259:http://www.html-js.com/article/1227:http://www.html-js.com/article/1263:http://www.html-js.com/card/407:http://www.html-js.com/user/517:http://www.html-js.com/user/731]
控制,253,控制,[http://www.html-js.com/read/1444:http://www.html-js.com/read/1432:http://www.html-js.com/article/1307:http://www.html-js.com/read/1307:http://www.html-js.com/article/1310:http://www.html-js.com/article/1576:http://www.html-js.com/article/1615:http://www.html-js.com/read/1310:http://www.html-js.com/article/1104:http://www.html-js.com/article/1354]
webkit,252,webkit,[http://www.html-js.com/article/1307:http://www.html-js.com/read/1307:http://www.html-js.com/read/1326:http://www.html-js.com/article/1150]
性,249,性,[http://www.html-js.com/read/1338:http://www.html-js.com/read/1339:http://www.html-js.com/read/1347:http://www.html-js.com/article/1306:http://www.html-js.com/read/1306:http://www.html-js.com/article/1300:http://www.html-js.com/article/1584:http://www.html-js.com/read/1300:http://www.html-js.com/article/1196:http://www.html-js.com/topic/13]
博,246,博,[http://www.html-js.com/article/1225:http://www.html-js.com/article/1193:http://www.html-js.com/article/1357:http://www.html-js.com/?p=259:http://www.html-js.com/article/1227:http://www.html-js.com/article/1427:http://www.html-js.com/user/185:http://www.html-js.com/article/1344:http://www.html-js.com/article/1410:http://www.html-js.com/article/1440]
很多,245,很多,[http://www.html-js.com/topic/86:http://www.html-js.com/article/1262:http://www.html-js.com/article/1280:http://www.html-js.com/qa/34:http://www.html-js.com/article/1153:http://www.html-js.com/article/1278:http://www.html-js.com/article/1279:http://www.html-js.com/article/1455:http://www.html-js.com/article/old:http://www.html-js.com/topic/22]
伪,244,伪,[http://www.html-js.com/article/1307:http://www.html-js.com/read/1307:http://www.html-js.com/read/1331:http://www.html-js.com/read/1433:http://www.html-js.com/read/1454:http://www.html-js.com/read?page=5:http://www.html-js.com/qa/123:http://www.html-js.com/read?page=2:http://www.html-js.com/qa/53]
require,243,require,[http://www.html-js.com/read/1324:http://www.html-js.com/read/1319:http://www.html-js.com/article/?page=38:http://www.html-js.com/article/1605:http://www.html-js.com/article/1525:http://www.html-js.com/article/1565:http://www.html-js.com/article/1563:http://www.html-js.com/article/:http://www.html-js.com/article/1329:http://www.html-js.com/read/1329]
参数,243,参数,[http://www.html-js.com/article/1593:http://www.html-js.com/article/1567:http://www.html-js.com/article/1592:http://www.html-js.com/article/?page=2:http://www.html-js.com/read/1426:http://www.html-js.com/read/1408:http://www.html-js.com/article/1158:http://www.html-js.com/read/1368:http://www.html-js.com/read/1465:http://www.html-js.com/article/1193]
test,238,"test, testing, tests",[http://www.html-js.com/article/1300:http://www.html-js.com/read/1300:http://www.html-js.com/topic/85:http://www.html-js.com/read/1301:http://www.html-js.com/article/1108:http://www.html-js.com/read/1405:http://www.html-js.com/read/1389:http://www.html-js.com/read/1397:http://www.html-js.com/article/1229:http://www.html-js.com/qa/32]
res,237,res,[http://www.html-js.com/read/1356:http://www.html-js.com/article/?page=32:http://www.html-js.com/article/1530:http://www.html-js.com/article/1603:http://www.html-js.com/article/1225:http://www.html-js.com/article/1606:http://www.html-js.com/article/1227:http://www.html-js.com/qa/42:http://www.html-js.com/article/1515:http://www.html-js.com/qa/46]
display,235,display,[http://www.html-js.com/read/1414:http://www.html-js.com/read/1286:http://www.html-js.com/article/1526:http://www.html-js.com/article/1292:http://www.html-js.com/read/1292:http://www.html-js.com/article/1274:http://www.html-js.com/read/1274:http://www.html-js.com/qa/185:http://www.html-js.com/qa/73:http://www.html-js.com/?tag=sae]
err,235,err,[http://www.html-js.com/article/1539:http://www.html-js.com/article/1428:http://www.html-js.com/article/1522:http://www.html-js.com/article/?page=32:http://www.html-js.com/read/1356:http://www.html-js.com/article/1225:http://www.html-js.com/qa/109:http://www.html-js.com/read/1393:http://www.html-js.com/article/1230:http://www.html-js.com/qa/51]
调用,233,调用,[http://www.html-js.com/article/1309:http://www.html-js.com/read/1309:http://www.html-js.com/article/1593:http://www.html-js.com/article/1582:http://www.html-js.com/article/1321:http://www.html-js.com/article/1503:http://www.html-js.com/read/1319:http://www.html-js.com/article/1592:http://www.html-js.com/article/1519:http://www.html-js.com/read/1306]
api,230,api,[http://www.html-js.com/read/1364:http://www.html-js.com/read/1347:http://www.html-js.com/article/?page=36:http://www.html-js.com/article/1193:http://www.html-js.com/article/1227:http://www.html-js.com/article/1206:http://www.html-js.com/article/1603:http://www.html-js.com/read/1362:http://www.html-js.com/article/1223:http://www.html-js.com/article/1515]
chrome,228,chrome,[http://www.html-js.com/read/1432:http://www.html-js.com/read/1338:http://www.html-js.com/read/1339:http://www.html-js.com/article/1307:http://www.html-js.com/read/1307:http://www.html-js.com/article/1314:http://www.html-js.com/article/1214:http://www.html-js.com/article/1254:http://www.html-js.com/article/1587:http://www.html-js.com/article/1178]
alert,223,alert,[http://www.html-js.com/article/1300:http://www.html-js.com/read/1300:http://www.html-js.com/qa/145:http://www.html-js.com/read/1408:http://www.html-js.com/article/1152:http://www.html-js.com/read/1465:http://www.html-js.com/topic/12:http://www.html-js.com/qa/103:http://www.html-js.com/qa/146:http://www.html-js.com/qa/20]
next,221,next,[http://www.html-js.com/read/1356:http://www.html-js.com/article/1603:http://www.html-js.com/article/1606:http://www.html-js.com/qa/42:http://www.html-js.com/article/1230:http://www.html-js.com/article/1522:http://www.html-js.com/article/1539:http://www.html-js.com/qa/109:http://www.html-js.com/article/1114:http://www.html-js.com/article/1149]
の,220,の,[http://www.html-js.com/user/681:http://www.html-js.com/user/693:http://www.html-js.com/user/778:http://www.html-js.com/user/821:http://www.html-js.com/user/863:http://www.html-js.com/user/879:http://www.html-js.com/user/89:http://www.html-js.com/user/909:http://www.html-js.com/user/916:http://www.html-js.com/user/941]
data,219,data,[http://www.html-js.com/article/1547:http://www.html-js.com/article/1087:http://www.html-js.com/article/1176:http://www.html-js.com/article/1091:http://www.html-js.com/article/1313:http://www.html-js.com/read/1313:http://www.html-js.com/article/1180:http://www.html-js.com/topic/85:http://www.html-js.com/article/1202:http://www.html-js.com/article/1227]
angularjs,218,angularjs,[http://www.html-js.com/article/1614:http://www.html-js.com/article/1302:http://www.html-js.com/read/1476:http://www.html-js.com/read/1302:http://www.html-js.com/article/1545:http://www.html-js.com/article/1615:http://www.html-js.com/read/1466:http://www.html-js.com/read?page=5:http://www.html-js.com/read/1285:http://www.html-js.com/read/1418]
height,217,height,[http://www.html-js.com/article/1103:http://www.html-js.com/article/1292:http://www.html-js.com/read/1292:http://www.html-js.com/read/1286:http://www.html-js.com/article/1114:http://www.html-js.com/article/?page=43:http://www.html-js.com/article/1485:http://www.html-js.com/article/1574:http://www.html-js.com/article/?page=47:http://www.html-js.com/read/1433]
插件,217,插件,[http://www.html-js.com/read/1398:http://www.html-js.com/topic/82:http://www.html-js.com/read/1415:http://www.html-js.com/article/1254:http://www.html-js.com/article/1574:http://www.html-js.com/article/1527:http://www.html-js.com/article/1312:http://www.html-js.com/qa/10:http://www.html-js.com/read/1449:http://www.html-js.com/article/1256]
栏,217,栏,[http://www.html-js.com/read/1444:http://www.html-js.com/read/1364:http://www.html-js.com/article/1079:http://www.html-js.com/article/?page=47:http://www.html-js.com/read/1315:http://www.html-js.com/qa/55]
触发,217,触发,[http://www.html-js.com/article/1140:http://www.html-js.com/article/?page=41:http://www.html-js.com/article/?page=43:http://www.html-js.com/article/1118:http://www.html-js.com/read/1435:http://www.html-js.com/article/1520:http://www.html-js.com/qa/12:http://www.html-js.com/article/1115:http://www.html-js.com/topic/55]
命令,213,命令,[http://www.html-js.com/read/1323:http://www.html-js.com/read/1355:http://www.html-js.com/article/1605:http://www.html-js.com/article/1527:http://www.html-js.com/read/1467:http://www.html-js.com/article/1530:http://www.html-js.com/article/1535:http://www.html-js.com/article/1224:http://www.html-js.com/article/1325:http://www.html-js.com/read/1452]
程序,213,程序,[http://www.html-js.com/read/1436:http://www.html-js.com/read/1350:http://www.html-js.com/article/?page=40:http://www.html-js.com/qa/61:http://www.html-js.com/article/1477:http://www.html-js.com/read/1420:http://www.html-js.com/article/1152:http://www.html-js.com/qa/33:http://www.html-js.com/qa/108:http://www.html-js.com/read/1401]
can,212,can,[http://www.html-js.com/article/1276:http://www.html-js.com/article/1124:http://www.html-js.com/article/1305:http://www.html-js.com/article/1304:http://www.html-js.com/read/1395:http://www.html-js.com/read/1418:http://www.html-js.com/article/1104:http://www.html-js.com/read/1400:http://www.html-js.com/read/1475:http://www.html-js.com/read/1362]
object,212,"object, objects",[http://www.html-js.com/article/1124:http://www.html-js.com/article/1589:http://www.html-js.com/read/1345:http://www.html-js.com/read/1375:http://www.html-js.com/read/1435:http://www.html-js.com/read/1276:http://www.html-js.com/read/1379:http://www.html-js.com/article/1122:http://www.html-js.com/article/1519:http://www.html-js.com/read/1334]
uedsc,212,uedsc,[http://www.html-js.com/topic/6:http://www.html-js.com/user/893:http://www.html-js.com/user/899:http://www.html-js.com/user/909:http://www.html-js.com/user/916:http://www.html-js.com/user/931:http://www.html-js.com/user/934:http://www.html-js.com/user/935:http://www.html-js.com/user/941:http://www.html-js.com/user/952]
数据库,212,数据库,[http://www.html-js.com/read/1323:http://www.html-js.com/topic/86:http://www.html-js.com/article/1108:http://www.html-js.com/article/1273:http://www.html-js.com/article/1247:http://www.html-js.com/tag/n/MySQL:http://www.html-js.com/topic/105:http://www.html-js.com/tag/n/%E6%95%B0%E6%8D%AE%E5%BA%93:http://www.html-js.com/article/1537:http://www.html-js.com/qa/190]
篇,212,篇,[http://www.html-js.com/article/1455:http://www.html-js.com/article/1441:http://www.html-js.com/article/1532:http://www.html-js.com/article/1442:http://www.html-js.com/article/1443:http://www.html-js.com/article/1460:http://www.html-js.com/article/1612:http://www.html-js.com/article/1074:http://www.html-js.com/article/1478:http://www.html-js.com/article/column/14]
span,211,span,[http://www.html-js.com/read/1436:http://www.html-js.com/qa/111:http://www.html-js.com/read/1328:http://www.html-js.com/article/1526:http://www.html-js.com/read/1465:http://www.html-js.com/topic/58:http://www.html-js.com/qa/68:http://www.html-js.com/qa/160:http://www.html-js.com/qa/175]
with,211,with,[http://www.html-js.com/article/1276:http://www.html-js.com/article/1304:http://www.html-js.com/read/1328:http://www.html-js.com/article/1479:http://www.html-js.com/read/1479:http://www.html-js.com/article/1305:http://www.html-js.com/read/1396:http://www.html-js.com/topic/67:http://www.html-js.com/article/1316:http://www.html-js.com/read/1475]
数,209,数,[http://www.html-js.com/read/1372:http://www.html-js.com/article/1141:http://www.html-js.com/article/?page=41:http://www.html-js.com/article/1164:http://www.html-js.com/article/1538:http://www.html-js.com/article/1162:http://www.html-js.com/read/1401:http://www.html-js.com/article/?page=5:http://www.html-js.com/article/column/13:http://www.html-js.com/read/1284]
符,206,符,[http://www.html-js.com/article/1309:http://www.html-js.com/read/1309:http://www.html-js.com/article/1589:http://www.html-js.com/read/1345:http://www.html-js.com/article/1159:http://www.html-js.com/article/1520:http://www.html-js.com/?p=259:http://www.html-js.com/read/1430:http://www.html-js.com/article/1519:http://www.html-js.com/qa/185]
主,202,主,[http://www.html-js.com/article/1162:http://www.html-js.com/read/1324:http://www.html-js.com/article/1159:http://www.html-js.com/article/1216:http://www.html-js.com/topic/88:http://www.html-js.com/act/1:http://www.html-js.com/article/1344:http://www.html-js.com/article/1517:http://www.html-js.com/topic/108:http://www.html-js.com/topic/?tag_id=4]
回调,202,回调,[http://www.html-js.com/article/1592:http://www.html-js.com/article/1229:http://www.html-js.com/article/?page=32:http://www.html-js.com/article/1321:http://www.html-js.com/qa/147:http://www.html-js.com/read/1393:http://www.html-js.com/qa/109:http://www.html-js.com/article/1228:http://www.html-js.com/article/column/31:http://www.html-js.com/article/old?page=3]
index,200,index,[http://www.html-js.com/read/1283:http://www.html-js.com/article/1282:http://www.html-js.com/read/1282:http://www.html-js.com/article/1605:http://www.html-js.com/read/1385:http://www.html-js.com/read?page=6:http://www.html-js.com/article/1550:http://www.html-js.com/read/1430:http://www.html-js.com/article/1359:http://www.html-js.com/article/1574]
